{
  "project_info": {
    "project_number": "778599057536",
    "firebase_url": "https://firechat-f7386.firebaseio.com",
    "project_id": "firechat-f7386",
    "storage_bucket": "firechat-f7386.appspot.com"
  },
  "client": [
    {
      "client_info": {
        "mobilesdk_app_id": "1:778599057536:android:b0134ac74e5ed401adfe65",
        "android_client_info": {
          "package_name": "com.example.firechat"
        }
      },
      "oauth_client": [
        {
          "client_id": "778599057536-ruqcbsdc8dq3kssnj26uipcmaatrp99j.apps.googleusercontent.com",
          "client_type": 3
        }
      ],
      "api_key": [
        {
          "current_key": "AIzaSyA5NmRE0OJYO9y4xYSqYBQ4Oz8_jVD6BFI"
        }
      ],
      "services": {
        "appinvite_service": {
          "other_platform_oauth_client": [
            {
              "client_id": "778599057536-ruqcbsdc8dq3kssnj26uipcmaatrp99j.apps.googleusercontent.com",
              "client_type": 3
            }
          ]
        }
      }
    }
  ],
  "configuration_version": "1"
}